accuracy,precision,recall,f1_score
0.5977011494252874,0.7121212121212122,0.746031746031746,0.7286821705426357
